{
  "total_trades": 154,
  "win_rate": 0.8571428571428571,
  "net_profit": 2978.233134654576,
  "sideways": {
    "trades": 33,
    "win_rate": 0.9696969696969697,
    "profit": 1315.914156812964
  },
  "bullish": {
    "trades": 89,
    "win_rate": 0.8426966292134831,
    "profit": 1591.985097505983
  },
  "bearish": {
    "trades": 32,
    "win_rate": 0.78125,
    "profit": 70.33388033562764
  }
}